,counts,true_signal,background
counts,1.0,0.9668902273647901,-0.009612825657310083
true_signal,0.9668902273647901,1.0,-0.00560538848845228
background,-0.009612825657310083,-0.00560538848845228,1.0
